はじめに,2
疲れていても、おいしいものが食べたい！こだわりポイント5,6
この本の使い方,8
1　疲れた日によく作る私のとっておき10品,9
ブロッコリーと卵のホットサラダ　アンチョビマヨネーズソース,10
豚しゃぶとレタスのひらひらワンタンスープ,12
サーモンと紫キャベツのバタービネガー蒸し,14
さば缶の韓国風スープ,16
チーズのぜいたく茶碗蒸し　ほたて缶とカマンベールチーズ　鶏肉、しいたけとブルーチーズ,18
くたくた小松菜と桜えびのワンパンパスタ,20
刺身のごまだれ茶漬け,22
野菜たっぷり豆腐チヂミ,24
するめだしのセロリ鶏がゆ,26
トマトとチキンのあっさりスパイスカレー,28
column 1　うまみアップの便利食材,30
2　ごはんによく合うひと皿で満足おかず,31
チキンと野菜のクミンソテー ヨーグルトソース,32
ささ身のチーズピカタ,33
鶏肉となすのバジルみそ炒め,36
鶏手羽と大根のポン酢煮込み,37
ポークソテー 和風ハニーマスタードソース,38
豚肉とあさりのポルトガル風蒸し煮,39
梅肉じゃが,42
豚肉ときのこのすだちナンプラー炒め,43
牛肉のさっと炒め トマトポン酢がけ,44
牛焼き肉の玉ねぎりんごソース,45
白い麻婆豆腐,48
ひき肉ルーローハン,49
牛ひき肉のステーキ風 しょうゆバルサミコソース,52
ひき肉とかぼちゃのクリームチーズグラタン,54
たっぷりみょうがの豆腐ナゲット,56
納豆とひき肉のレタス包み,57
サーモンの南蛮風ソテー しば漬けタルタル添え,58
ほたてとかぶのゆずこしょうクリームソース　ガーリック菜めし添え,59
たらのムニエル くたくた春菊添え,62
刺身とアボカドのキムチあえ丼,63
column 2　味を底上げする便利調味料,64
3　野菜がたっぷりとれるサラダとスープ,65
にんじんとツナのごまあえサラダ／レンチンチキンとりんご､マッシュルームのサラダ,66
豆腐マヨネーズのあっさりポテトサラダ／鶏ささ身となすの油淋鶏風サラダ,68
揚げじゃことアボカドののりサラダ／お刺身の彩りサラダ かんきつ風味,70
丸ごとトマトと豆のスープ／里いもと鶏ひき肉のねぎ塩スープ,72
鶏肉とじゃがいもの韓国風スープ／さば缶のごまみそ汁,74
えびのココナッツトマトスープ／野菜たっぷりクラムチャウダー,76
column 3　時短でもおいしく作るアイデア,78
4　おなかと心を満たすパスタと麺,79
たらこと切り干し大根のサラダ風クリームパスタ,80
カリフラワーとツナマヨのペンネ,81
海鮮カレービーフン,84
香港風カリカリ焼きそば,85
トマト肉みそとハーブのラオス風汁麺,86
鶏肉とにらの煮込み麺,87
オイルサーディンの冷製梅じそパスタ,90
豆乳スープのキムチそうめん,91
column 4　余った材料でお手軽スイーツ　ココナッツミルクのブランマンジェ　ストロベリーレアチーズアイスクリーム　サイコロパンプディング,92
Index　食材別インデックス,94
